,N,Max,Min,deviation,Class
1,8.0,0.365666993527,0.0743246060617,0.219995799794,1.0
2,8.0,0.34035345605,0.0692377289452,0.219979494441,1.0
3,9.0,0.451361820646,0.000952750074999,0.245684827702,1.0
4,8.0,0.41280418362,0.00858175449853,0.210682189692,1.0
5,9.0,0.441363990351,0.00161197080635,0.243564643349,1.0
6,8.0,0.395163995685,0.0351542249927,0.22176874163,1.0
7,11.0,0.466252459636,0.0016683427033,0.285316073473,1.0
8,8.0,0.410709693813,0.015442498366,0.222725269315,1.0
9,9.0,0.440755003796,0.0379082657916,0.270998525371,1.0
10,8.0,0.283774942133,0.162524690798,0.224101201108,1.0
11,10.0,0.468735902161,0.00773916244736,0.266668641697,1.0
12,9.0,0.468253726773,0.000510531735282,0.258108153763,1.0
13,10.0,0.463347785043,0.0109111692319,0.274365113972,1.0
14,9.0,0.45722201042,0.0292374074539,0.24635591459,1.0
15,8.0,0.401530404298,0.0103228434067,0.222961469916,1.0
16,8.0,0.400033283186,0.0129082518956,0.222847543904,1.0
17,9.0,0.484165482183,0.0316048262326,0.248718105893,1.0
18,8.0,0.380158035921,0.0458467361889,0.215759805435,1.0
19,8.0,0.470671947204,0.00492036869109,0.232140955264,1.0
20,8.0,0.337380439521,0.0307638234373,0.214624128901,1.0
21,9.0,0.454865205578,0.021102920017,0.246075691927,1.0
22,9.0,0.452860597073,0.00449651195346,0.247338288465,1.0
23,9.0,0.466650356268,0.025995903573,0.253142231181,1.0
24,8.0,0.391561542823,0.033052638707,0.21696488736,1.0
25,9.0,0.451675853848,0.0164989513215,0.247990469954,1.0
26,8.0,0.381952931498,0.0636108869349,0.220588083485,1.0
27,12.0,0.960099786134,0.0309937221547,0.395305097356,0.0
28,9.0,0.448259165042,0.0329874155803,0.252521039692,1.0
29,8.0,0.405967000271,0.00455392231211,0.225346761201,1.0
30,10.0,0.459829880813,0.00872113370252,0.262740409246,1.0
31,9.0,0.445908969835,0.00995657448181,0.244833487726,1.0
32,10.0,0.732688267846,0.000146127532186,0.293821105366,0.0
33,9.0,0.445807389226,0.0617897613647,0.242643286588,1.0
34,9.0,0.446796812793,0.0138327132571,0.191155648785,1.0
35,8.0,0.382672398034,0.0744677032144,0.226021495556,1.0
36,9.0,0.468937575363,0.00572945818581,0.249776275706,1.0
37,8.0,0.300666580467,0.0847990755342,0.219908878812,1.0
38,9.0,0.486639793285,0.00265069477457,0.244778582513,1.0
39,9.0,0.444101261233,0.00381067185485,0.239644390113,1.0
40,9.0,0.47020959792,0.0162708770786,0.247008880453,1.0
41,8.0,0.379049625025,0.0476807157018,0.215979695744,1.0
42,9.0,0.449420909751,0.0405381973436,0.248399834688,1.0
43,8.0,0.415349518592,0.103089710897,0.259219614744,1.0
44,8.0,0.38507519729,0.0694583069152,0.225105861535,1.0
45,8.0,0.390061909413,0.15407392318,0.219912555307,1.0
46,9.0,0.445383798322,0.0264530110765,0.242368029465,1.0
47,8.0,0.413243157843,0.0568878593101,0.223877178809,1.0
48,9.0,0.491754743955,0.00610780846455,0.254462728284,1.0
49,8.0,0.365766483599,0.146351622514,0.225324464975,1.0
50,9.0,0.474418697212,0.00704680991441,0.217684958557,1.0
51,8.0,0.34205665731,0.021207550769,0.18970921923,1.0
52,9.0,0.464787813969,0.00307775728078,0.237740034454,1.0
53,8.0,0.369843528394,0.00261931468616,0.219798349641,1.0
54,9.0,0.515736820174,0.0255325033355,0.226780729895,1.0
55,8.0,0.42849126124,0.00215770140845,0.218155905266,1.0
56,10.0,0.774906369249,0.00483699091357,0.3112092986,0.0
57,7.0,0.495965560177,0.0408477989194,0.238231633782,0.0
58,8.0,0.343504087006,0.100771516649,0.219214916878,1.0
59,8.0,0.387995797645,0.0602391963133,0.215669820571,1.0
60,9.0,0.4864571879,0.000352472755726,0.254060522511,1.0
61,8.0,0.200123357929,0.00962065459642,0.104872006263,1.0
62,10.0,0.598807940294,0.00570114785439,0.233624949167,1.0
63,8.0,0.360383158648,0.0310878273573,0.219885914042,1.0
64,10.0,0.448933501463,0.00202177080228,0.263572647584,1.0
65,8.0,0.390106031801,0.000632592602031,0.237264006909,1.0
66,10.0,0.463605763636,0.00679929413646,0.264650249628,1.0
67,8.0,0.362760895085,0.0171661089046,0.194094493018,1.0
68,8.0,0.320158002303,0.1277965307,0.22059078234,1.0
69,8.0,0.361248675962,0.0887751392276,0.218155573938,1.0
70,8.0,0.365192968946,0.0847724362895,0.224982702618,1.0
71,8.0,0.362977444477,0.0517609298821,0.215014264756,1.0
72,8.0,0.367045243933,0.0660731523449,0.214037638986,1.0
73,8.0,0.373870887318,0.0502847512191,0.215028762922,1.0
74,9.0,0.437125272786,0.026849321687,0.241367693471,1.0
75,8.0,0.380717272066,0.0539258530824,0.219916338389,1.0
76,8.0,0.330974959162,0.124071408865,0.219979469128,1.0
77,8.0,0.708075208942,0.0186805447334,0.193563087206,1.0
78,10.0,0.488754789999,0.00498078445949,0.267257083495,1.0
79,10.0,0.433584359569,0.0749281295028,0.287200421834,1.0
80,9.0,0.540524723673,0.0677950439704,0.26450170758,0.0
81,9.0,0.468494760133,0.00412256288499,0.236183661897,1.0
82,8.0,0.349137099192,0.00533131981287,0.175131324821,1.0
83,10.0,0.464615584569,0.00316600930704,0.264105801004,1.0
84,9.0,0.435135214124,0.0515757782888,0.243857999657,1.0
85,10.0,0.467177763014,0.0128879661386,0.267107493233,1.0
86,9.0,0.452737398157,0.00462983484223,0.242070316133,1.0
87,9.0,0.472172078988,0.00455477356254,0.248972240795,1.0
88,8.0,0.38328929253,0.0540436473745,0.220611485532,1.0
89,10.0,0.466566842408,0.00187869356019,0.263232990809,1.0
90,9.0,0.443459749708,0.00178765459516,0.244400054964,1.0
91,9.0,0.473034519287,1.43863171176e-05,0.242305448592,1.0
92,8.0,0.262808478627,0.147886062264,0.215826039206,1.0
93,8.0,0.418026377318,0.0593307737081,0.235366607656,1.0
94,8.0,0.323366095818,0.0434798912253,0.191458497132,1.0
95,9.0,0.447689190248,0.00218250823281,0.248441009678,1.0
96,8.0,0.475568915559,0.0951358853112,0.243543923103,1.0
97,10.0,0.477454283915,0.00205754449609,0.245811361849,1.0
98,9.0,0.555582192938,0.00721290104033,0.183216211995,1.0
99,8.0,0.45979982545,0.00549491968041,0.214742257537,1.0
100,8.0,0.380595918651,0.0255237036976,0.203059811174,1.0
101,9.0,0.474185071529,0.00507604879533,0.2445227674,1.0
102,8.0,0.428929685244,0.00825921333514,0.221475036695,1.0
103,9.0,0.451357111866,0.000294412596648,0.247049405756,1.0
104,8.0,0.356446734571,0.049927404513,0.21981194534,1.0
105,8.0,0.424503120865,0.00827675429584,0.203034376007,1.0
106,8.0,0.411282245793,0.0254045989556,0.231568960714,1.0
107,9.0,0.441518489752,0.00165176547724,0.245189609695,1.0
108,8.0,0.427327189785,0.0102340590464,0.221279748575,1.0
109,9.0,0.449718143726,0.0152303815039,0.245159881602,1.0
110,9.0,0.455265493858,0.0129577964958,0.244362195902,1.0
111,10.0,0.456073371232,0.00852744431294,0.267465407607,1.0
112,9.0,0.465771597807,0.00313982565144,0.251268856735,1.0
113,9.0,0.502040224322,0.00963745271506,0.221473362588,1.0
114,9.0,0.434205397652,0.000990357195484,0.247291421049,1.0
115,10.0,0.66319970579,0.0154758458647,0.334858829965,0.0
116,9.0,0.449176264142,0.0191548387973,0.249403293121,1.0
117,8.0,0.379959810435,0.0492393640076,0.218285980211,1.0
118,10.0,0.489317091357,0.0662548952268,0.254866175742,1.0
119,9.0,0.497918893321,0.0103404554621,0.209896255864,1.0
120,11.0,0.563785315593,0.000189342613429,0.233530417739,1.0
121,8.0,0.346233569713,0.00437317391494,0.189614007433,1.0
122,10.0,0.457691096497,0.00606267454152,0.263243747931,1.0
123,9.0,0.46854357587,0.00796885187148,0.240131085939,1.0
124,10.0,0.476099367188,0.000448890623971,0.265858743489,1.0
125,8.0,0.441771316468,0.0131595421532,0.222356583072,1.0
126,9.0,0.464496263095,0.0073745136649,0.239050979891,1.0
127,8.0,0.375512789648,0.0892400644265,0.219904422508,1.0
128,9.0,0.465673760448,0.0137635962459,0.239191066862,1.0
129,8.0,0.393753720253,0.0370491471654,0.217213787731,1.0
130,10.0,0.523548714249,0.0674937104386,0.295117131948,1.0
131,8.0,0.414275415231,0.0193431252135,0.219998011568,1.0
132,11.0,0.506577245693,0.12996742357,0.330110567428,1.0
133,9.0,0.444399264984,0.00304144831405,0.24502294606,1.0
134,9.0,0.449350540199,0.00101763553246,0.247525238219,1.0
135,8.0,0.455349712901,0.0100597044658,0.215298249766,1.0
136,9.0,0.450300347906,0.040937188334,0.248452898193,1.0
137,8.0,0.337202828894,0.0993142198998,0.219973858905,1.0
138,10.0,0.534844188334,0.0825653732496,0.28613768461,1.0
139,8.0,0.334437371169,0.0599724232927,0.224781183299,1.0
140,10.0,0.456409890905,0.0204004657304,0.254743126646,1.0
141,9.0,0.432554875343,0.0195789099366,0.261555532168,1.0
142,8.0,0.406862446218,0.0048763512607,0.205164810498,1.0
143,8.0,0.364494792293,0.0190383289738,0.191766560633,1.0
144,10.0,0.536688301865,0.0162869531101,0.261112092404,1.0
145,8.0,0.350915319854,0.0282100767708,0.219878099153,1.0
146,9.0,0.458359879041,0.00572826352836,0.2408657601,1.0
147,10.0,0.632226115438,0.0561937424375,0.248023051641,1.0
148,8.0,0.419578212725,0.0125951712921,0.218456650075,1.0
149,8.0,0.444433690807,0.00157761387675,0.191805578895,1.0
150,8.0,0.414916900803,0.0342594762551,0.223133956173,1.0
151,8.0,0.481738862077,0.0437207312905,0.25273298165,1.0
152,8.0,0.270362519769,0.173870059684,0.220601963006,1.0
153,8.0,0.431660916562,0.00677835171907,0.220819140097,1.0
154,8.0,0.347254940909,0.104202496372,0.22572871864,1.0
155,9.0,0.466179433907,0.000102058177088,0.23781106652,1.0
156,8.0,0.353678792314,0.0734873799701,0.224412114136,1.0
157,9.0,0.486985448384,0.00426762226918,0.250587190045,1.0
158,8.0,0.277392734852,0.0236845809905,0.100275456782,1.0
159,9.0,0.533407918599,0.0243962501251,0.258511943318,1.0
160,9.0,0.45344033567,0.000430744953273,0.24015087447,1.0
161,10.0,0.512206972449,0.0138108581642,0.278406149601,1.0
162,10.0,0.489710155728,0.0184509817793,0.272209197107,1.0
163,9.0,0.437853902322,0.0798909846317,0.250993763164,1.0
164,8.0,0.271527943556,0.167975399658,0.219974454998,1.0
165,9.0,0.469748902586,0.00475389543757,0.251078516618,1.0
166,8.0,0.388481509806,0.060090780999,0.224286145403,1.0
167,9.0,0.449066063607,0.0319010882825,0.245096365651,1.0
168,8.0,0.392589871082,0.0452431779355,0.21817315627,1.0
169,9.0,0.451184479983,0.0391855335141,0.240774775854,1.0
170,8.0,0.403544012521,0.0036366036705,0.245290120567,1.0
171,8.0,0.414057587984,0.00350715375116,0.209835318718,1.0
172,9.0,0.446425251727,0.00636266210159,0.236701382727,1.0
173,8.0,0.439940653866,0.0324634830722,0.209043243096,1.0
174,10.0,0.470395170715,0.000251197997455,0.265914212117,1.0
175,8.0,0.422691121607,0.0201862630675,0.221438692337,1.0
176,10.0,0.509034783841,0.00290618428197,0.263932989126,1.0
177,8.0,0.431903073634,0.00307435819249,0.217363213312,1.0
178,10.0,0.468026783567,0.00351432037029,0.256148301647,1.0
179,8.0,0.366499373338,0.0682499601957,0.219444287451,1.0
180,9.0,0.512750614548,0.00898165443501,0.269281510379,1.0
181,8.0,0.350818711058,0.102347372622,0.222363220452,1.0
182,9.0,0.475787117207,0.0108575343543,0.214639033314,1.0
183,8.0,0.271955663952,0.155302840847,0.219973015329,1.0
184,8.0,0.392487882169,0.0357664967834,0.214127189476,1.0
185,8.0,0.399657246637,0.00660834406106,0.231775051814,1.0
186,10.0,0.464553304677,0.00174439604561,0.268876480727,1.0
187,8.0,0.422692850553,0.0597453770081,0.219916494349,1.0
188,9.0,0.440216435567,0.0275254687897,0.240487809078,1.0
189,8.0,0.390427964661,0.0695104517497,0.223973011359,1.0
190,10.0,0.458377694869,0.0102837761301,0.266363923757,1.0
191,9.0,0.456902002263,0.000540074503729,0.243450206591,1.0
192,8.0,0.366109243163,0.073617393672,0.219863318418,1.0
193,8.0,0.33233700258,0.0633816077395,0.224645059982,1.0
194,10.0,0.445713121243,0.00366690558577,0.266287563247,1.0
195,8.0,0.324975299447,0.0808584829195,0.219981046288,1.0
196,9.0,0.443143403773,0.0747042015823,0.244757216784,1.0
197,9.0,0.516457090701,0.024820524779,0.240666901954,1.0
198,9.0,0.468957856012,0.0365056482653,0.244217442553,1.0
199,8.0,0.425351665996,0.0114450983712,0.244907330981,1.0
200,9.0,0.718607181569,0.0139413520929,0.262160366841,1.0
201,8.0,0.442673268398,0.00652695543985,0.22097201396,1.0
202,8.0,0.368537880848,0.0609817235947,0.221914081914,1.0
203,8.0,0.327016001988,0.0584268352529,0.192721418621,1.0
204,9.0,0.456862588148,0.00792760206833,0.246710635895,1.0
205,9.0,0.4553815132,0.000474066675823,0.23883711239,1.0
206,10.0,0.450346811329,0.00681252484268,0.265056325272,1.0
207,8.0,0.365109430787,0.133123733704,0.224919650532,1.0
208,9.0,0.448266440355,0.0165734448052,0.241486485438,1.0
209,8.0,0.31244234907,0.144264777379,0.225869404311,1.0
210,8.0,0.256222391142,0.180899527742,0.220598557571,1.0
211,8.0,0.309773885407,0.125302261986,0.220520314293,1.0
212,8.0,0.382177678525,0.0751750089785,0.226096170492,1.0
213,8.0,0.41100249165,0.0129020814663,0.219987374057,1.0
214,10.0,0.458369166762,0.0256309947936,0.273734120729,1.0
215,8.0,0.394018449734,0.0334602460199,0.221732761738,1.0
216,8.0,0.310818498929,0.127984132059,0.219401315494,1.0
217,8.0,0.429592842458,0.0624080109481,0.209006008355,1.0
218,10.0,0.422722576502,0.0700968480646,0.285182718682,1.0
219,8.0,0.30898197447,0.125674476718,0.219434450738,1.0
220,10.0,0.513207273276,0.00394649006464,0.28300133235,1.0
221,10.0,0.505071531204,0.00793952011527,0.266107664188,1.0
222,10.0,0.427816257442,0.0817454859732,0.275468809164,1.0
223,9.0,0.427482753672,0.0137110748327,0.242918772628,1.0
224,9.0,0.448158732555,0.00589502750931,0.245730878667,1.0
225,8.0,0.429538861841,0.0920880110129,0.21987596096,1.0
226,9.0,0.573082155443,0.047602295783,0.264699639609,1.0
227,8.0,0.407211205314,0.0141642642302,0.216325403416,1.0
228,8.0,0.387387805577,0.011439108394,0.219980558119,1.0
229,8.0,0.368289167,0.0701760528493,0.220602360984,1.0
230,8.0,0.435454454787,0.0187846479923,0.22711955139,1.0
231,8.0,0.330302035614,0.101033998573,0.219355543248,1.0
232,10.0,0.536768849949,0.0293280131698,0.275808991336,1.0
233,9.0,0.428685591231,0.0137099882616,0.243115518046,1.0
234,8.0,0.366728412783,0.00123821301215,0.165049711142,1.0
235,8.0,0.36633249958,0.01828565857,0.229950528899,1.0
236,9.0,0.472882394413,0.00149014891622,0.24512933079,1.0
237,8.0,0.391132286931,2.13683870011e-05,0.189427943485,1.0
238,9.0,0.536056701377,0.00759260134078,0.271211454964,1.0
239,8.0,0.400523216195,0.0356015570842,0.218062386639,1.0
240,9.0,0.45054188863,0.0660774230407,0.253778862988,1.0
241,8.0,0.297596558597,0.161251921251,0.219979834816,1.0
242,9.0,0.490421398344,0.00254436239872,0.250571513785,1.0
243,8.0,0.409647817661,0.0273618911082,0.219976657069,1.0
244,10.0,0.504645454226,0.0498862032152,0.268041609157,1.0
245,8.0,0.406436657481,0.02119069632,0.238366701532,1.0
246,9.0,0.656159314719,0.0116782103206,0.155867854004,1.0
247,8.0,0.373735571953,0.081106264329,0.231740947534,1.0
248,10.0,0.467079684407,0.0198270062389,0.268621868819,1.0
249,8.0,0.388649990881,0.0494002577436,0.219025124312,1.0
250,8.0,0.293936773249,0.134553906955,0.214451568652,1.0
251,8.0,0.373355242972,0.0399991188445,0.217172617703,1.0
252,9.0,0.46604824734,0.00374009307585,0.245860796453,1.0
253,8.0,0.315586997228,0.109345577306,0.214705497638,1.0
254,9.0,0.443011976166,0.00626379633323,0.244473261212,1.0
255,9.0,0.441852077076,0.00867999492352,0.243288473355,1.0
256,9.0,0.456524218132,0.040713569532,0.243999593479,1.0
257,8.0,0.392021558689,0.0366696194548,0.218205173447,1.0
258,10.0,0.456256155803,0.00279866226709,0.264419339807,1.0
259,9.0,0.448824607849,0.00128973719049,0.242632302245,1.0
260,9.0,0.465200734736,0.00690340688453,0.240589249935,1.0
261,8.0,0.393480128663,0.154197215716,0.259276904285,1.0
262,9.0,0.472178603059,0.0282065014231,0.235678727575,1.0
263,8.0,0.392267064601,0.0500732866785,0.215921297537,1.0
264,8.0,0.329287134872,0.0814602788885,0.225306119186,1.0
265,8.0,0.366984485966,0.0633446840525,0.215164585009,1.0
266,8.0,0.38587722329,0.063839733646,0.224858478468,1.0
267,8.0,0.339202975532,0.0670969178617,0.219979822679,1.0
268,9.0,0.450337937369,0.0142648976435,0.245333571578,1.0
269,8.0,0.333512712674,0.0458150478543,0.17469748714,1.0
270,9.0,0.491412604485,0.0117593358465,0.246760667549,1.0
271,8.0,0.337685886614,0.079519912288,0.219955908991,1.0
272,9.0,0.444226379209,0.0453785858134,0.241585647495,1.0
273,8.0,0.294443163212,0.171229146798,0.219910637144,1.0
274,10.0,0.478953656126,0.0592089919815,0.286184962076,1.0
275,8.0,0.338191225987,0.0209341548751,0.219885516018,1.0
276,8.0,0.361017712272,5.50596825746e-05,0.180536385977,1.0
277,8.0,0.433308556837,0.0172886585823,0.223209012606,1.0
278,8.0,0.370029878305,0.0200392654584,0.210133362498,1.0
279,8.0,0.428785413702,0.0159206546118,0.219135739689,1.0
280,10.0,0.457554545245,0.00297410219455,0.262602462627,1.0
281,8.0,0.371090217613,0.0652666886232,0.220385065635,1.0
282,9.0,0.441142804856,0.00578656026943,0.244264497005,1.0
283,8.0,0.369567296403,0.0389621221274,0.219983916405,1.0
284,9.0,0.461479722782,0.0118005280158,0.223682861114,1.0
285,8.0,0.46068520388,0.0129046052826,0.219944467488,1.0
286,9.0,0.46551316165,0.00036351971718,0.251360204773,1.0
287,8.0,0.564323355828,0.00209088255463,0.191748330681,1.0
288,10.0,0.453342705271,4.80407898261e-05,0.265031098795,1.0
289,9.0,0.46945337915,0.0216832633943,0.276405052747,1.0
290,8.0,0.342741602963,0.0017132287209,0.189512570242,1.0
291,8.0,0.286693332762,0.122567352419,0.216936199523,1.0
292,9.0,0.456600139472,0.000143038254954,0.24473690431,1.0
293,8.0,0.347814435374,0.0112714030745,0.219809648379,1.0
294,10.0,0.514643259071,0.0186320821117,0.226592674538,1.0
295,9.0,0.44831631101,0.0135311166456,0.245023791978,1.0
296,9.0,0.471666381906,0.0777612639212,0.245475990653,1.0
297,9.0,0.516447943027,0.0416582878968,0.241014883862,1.0
298,11.0,0.638097285218,0.0162368596199,0.2679580814,1.0
299,10.0,0.448229872069,0.0565709601388,0.28806730898,1.0
300,8.0,0.382998122689,0.0319330337007,0.212403007931,1.0
301,8.0,0.384529946173,0.0453572035,0.219995009953,1.0
302,8.0,0.38568226106,0.049349420522,0.220909210703,1.0
303,8.0,0.261831735225,0.177873064763,0.219852399994,1.0
304,9.0,0.454016700154,0.00758914457683,0.245926014427,1.0
305,8.0,0.391012824356,0.024062799845,0.222624004546,1.0
306,8.0,0.307209675328,0.126327088215,0.214400024175,1.0
307,8.0,0.280723305677,0.160012391641,0.220367848659,1.0
308,9.0,0.655111831154,0.000954540492007,0.248483198532,1.0
309,8.0,0.372152744174,0.0524960241232,0.214605761326,1.0
310,13.0,0.674965444865,0.0849478628478,0.331053036199,1.0
311,9.0,0.445193771264,0.000733185317777,0.2433818488,1.0
312,8.0,0.435721668332,0.0380158292099,0.219972568297,1.0
313,9.0,0.458432644469,0.00965031001057,0.242587023785,1.0
314,9.0,0.463093425758,0.00823183468396,0.245609262806,1.0
315,10.0,0.463866391183,0.00750747396862,0.266513533982,1.0
316,8.0,0.387308959434,0.0170376321886,0.219938275085,1.0
317,10.0,0.480063850073,0.000198839764659,0.26580343332,1.0
318,8.0,0.40003251928,0.0106123013423,0.204307414489,1.0
319,10.0,0.4948151589,0.00610011300663,0.268505910443,1.0
320,9.0,0.439243540596,0.0195574961724,0.246857749687,1.0
321,10.0,0.466665505847,0.0280874233131,0.273956653128,1.0
322,8.0,0.348781254046,0.0980754546867,0.219937008074,1.0
323,9.0,0.479859323948,0.0277772659855,0.237701173603,1.0
324,9.0,0.47270655057,0.0388491067172,0.252806072471,1.0
325,9.0,0.486706872351,0.00427449844069,0.250578463648,1.0
326,9.0,0.490510348,0.0215879631107,0.22265922316,1.0
327,9.0,0.450428713598,0.00763363850825,0.247285325977,1.0
328,8.0,0.352739868169,0.114828430754,0.21706911171,1.0
329,8.0,0.394387348265,0.109520790628,0.2585944779,1.0
330,10.0,0.466628836836,0.00174266392157,0.266076229001,1.0
331,8.0,0.414483961642,0.0132603621057,0.225438885728,1.0
332,11.0,0.567650023055,0.0302410808405,0.298659713268,1.0
333,9.0,0.446384601959,0.00117635941289,0.242053175991,1.0
334,8.0,0.390879428328,0.00884247465407,0.19287348913,1.0
335,8.0,0.375786703429,0.0146509465377,0.210206360463,1.0
336,11.0,0.486609208778,0.00093759621686,0.276398850811,1.0
337,9.0,0.451725335099,0.14880019993,0.306711844871,1.0
338,9.0,0.484845502249,0.000674836680677,0.253557759217,1.0
339,8.0,0.465259872789,0.00104185906372,0.202754430016,1.0
340,10.0,0.462635629114,0.00027393901628,0.263704967566,1.0
341,8.0,0.381004382132,0.035404606311,0.208204494222,1.0
342,9.0,0.427966078535,0.0529603452824,0.243045796929,1.0
343,8.0,0.318308972984,0.123790811212,0.221049892098,1.0
344,9.0,0.615022386357,0.117494745433,0.298474571462,0.0
345,9.0,0.441971489406,0.00691585771777,0.245363408614,1.0
346,8.0,0.360756355969,0.0264901099139,0.214384712665,1.0
347,8.0,0.365926989482,0.0653643562489,0.217023370984,1.0
348,10.0,0.431648496257,0.0477529669826,0.28759448411,1.0
349,9.0,0.473432105604,0.00118254365512,0.251179246512,1.0
350,10.0,0.528031201063,0.00666966282738,0.275697727048,1.0
351,8.0,0.355494707742,0.135837919929,0.219913457038,1.0
352,8.0,0.378115445041,0.00462338685936,0.19136941595,1.0
353,8.0,0.337981719277,0.0285496944592,0.219912568914,1.0
354,9.0,0.472419315156,0.000959801001546,0.242514453073,1.0
355,8.0,0.334372580076,0.120465512769,0.225212857779,1.0
356,9.0,0.453308310806,0.027387773099,0.244188615133,1.0
357,8.0,0.324469870509,0.107662779602,0.219414841238,1.0
358,9.0,0.480554977943,0.0074304031618,0.248589476949,1.0
359,9.0,0.462551853747,0.0437650280718,0.227073800188,1.0
360,9.0,0.464512447697,0.0619757970127,0.270787725504,1.0
361,8.0,0.429713218523,0.0127751948738,0.192853405305,1.0
362,8.0,0.301225239229,0.154266267501,0.225743820265,1.0
363,8.0,0.406472163753,0.0186541461794,0.219989215555,1.0
364,9.0,0.445939746459,0.00291636726394,0.244328982306,1.0
365,8.0,0.341805849415,0.080752221004,0.221838828679,1.0
366,9.0,0.461299469095,0.0265789956374,0.257192662751,1.0
367,9.0,0.463299061659,0.00670344828905,0.244312347819,1.0
368,9.0,0.454225884489,0.022906523969,0.250069361709,1.0
369,8.0,0.357780117493,0.0454151414055,0.209426443184,1.0
370,9.0,0.433994594178,0.0034432769945,0.247288685423,1.0
371,8.0,0.397158876347,0.062044631329,0.225814078354,1.0
372,9.0,0.443073067789,0.00540211697504,0.245872303014,1.0
373,8.0,0.385141724362,0.0805210580478,0.219946305379,1.0
374,9.0,0.478037648845,0.0108066058615,0.250967609725,1.0
375,8.0,0.399410587885,0.106425086077,0.224863476994,1.0
376,10.0,0.730877078147,0.040159603686,0.293746679488,0.0
377,9.0,0.460918747866,0.0144981539215,0.239141904311,1.0
378,10.0,0.604659851769,0.013196665739,0.285082308188,0.0
379,8.0,0.383962434358,0.0142719574199,0.186136626115,1.0
380,10.0,0.535266519886,0.0232808970175,0.288948101097,1.0
381,10.0,0.484860078597,0.0221857829935,0.258750288523,1.0
382,9.0,0.485735251245,0.0136239870292,0.21915207999,1.0
383,10.0,0.529220883881,0.0872984953458,0.316248309225,1.0
384,9.0,0.567520473583,0.0151029270635,0.191631837876,1.0
385,8.0,0.309424445765,0.0291863145812,0.147415644237,1.0
386,8.0,0.29361890865,0.14517450865,0.224822320161,1.0
387,9.0,0.450596650517,0.00557696516862,0.239290109902,1.0
388,8.0,0.224138994631,0.00483073595534,0.108691523043,1.0
389,10.0,0.474915504577,0.00128688555995,0.264261854675,1.0
390,9.0,0.453358106722,0.00291604099243,0.245237917484,1.0
391,10.0,0.498516826489,0.0232169892805,0.280141686032,1.0
392,9.0,0.456579867822,0.00635247318099,0.248077714273,1.0
393,9.0,0.487066107024,0.00683344718327,0.251150382326,1.0
394,9.0,0.437364193709,0.0401023451455,0.224032099279,1.0
395,9.0,0.489965426339,0.00151701878004,0.226092682073,1.0
396,8.0,0.279351032124,0.0228533022739,0.151102167199,1.0
397,9.0,0.459072577612,0.03293957712,0.244606273012,1.0
398,8.0,0.398377037092,0.0149925242379,0.222802723778,1.0
399,8.0,0.394673400657,0.0811661367634,0.219978494924,1.0
400,8.0,0.448252463162,0.0189048044057,0.199615356734,1.0
401,9.0,0.446983376379,0.00220092177682,0.241415934919,1.0
402,8.0,0.301308610951,0.0322424427883,0.203154965444,1.0
403,9.0,0.436388556652,0.0410429313566,0.241692474493,1.0
404,8.0,0.406260846137,0.0874912546467,0.231397358385,1.0
405,8.0,0.341382611962,0.0373811622586,0.20940172688,1.0
406,8.0,0.340045685085,0.082462699573,0.221844049743,1.0
407,8.0,0.431351343534,0.0010953020415,0.223959801472,1.0
408,8.0,0.408220449687,0.0361848716751,0.219191059964,1.0
409,9.0,0.482117374583,0.0187846656108,0.245845981482,1.0
410,8.0,0.376889461314,0.0494415786268,0.219997883973,1.0
411,9.0,0.450091816815,0.0104761089626,0.246531466769,1.0
412,8.0,0.315337734065,0.0906625813984,0.219981230412,1.0
413,8.0,0.349282114324,0.0797258331389,0.214503973732,1.0
414,8.0,0.412875320089,0.0135381306044,0.222673933637,1.0
415,10.0,0.468581312223,0.018912130117,0.266479354906,1.0
416,9.0,0.450965939799,0.0018587919403,0.240371304346,1.0
417,10.0,0.541310187059,0.0857139594069,0.340685878396,1.0
418,8.0,0.335751271036,0.0945470079091,0.221772371861,1.0
419,9.0,0.471656432414,0.0464034194264,0.251927122215,1.0
420,9.0,0.45555454014,0.0352316876116,0.246151373267,1.0
421,10.0,0.510185102192,0.0194321038607,0.264161239896,1.0
422,9.0,0.454773077386,0.00207170592437,0.245245443793,1.0
423,9.0,0.440268587291,0.00608300275848,0.252593147674,1.0
424,8.0,0.353033367356,0.0789107018433,0.217674484979,1.0
425,10.0,0.458432162721,0.0120878666821,0.265454458649,1.0
426,8.0,0.415853728799,0.009794167556,0.210204876124,1.0
427,9.0,0.443835070961,0.00570051024678,0.245740791878,1.0
428,8.0,0.48149618356,0.108211806775,0.236140324578,1.0
429,8.0,0.365073952781,0.117621268707,0.223160806214,1.0
430,8.0,0.36286856495,0.134863759771,0.224652522277,1.0
431,10.0,0.498339062398,0.0190187858832,0.273996687706,1.0
432,8.0,0.362294283575,0.0917193999049,0.224923257294,1.0
433,9.0,0.462394595113,0.00452543977801,0.248609093048,1.0
434,8.0,0.43321453498,0.0175707366986,0.218014911617,1.0
435,9.0,0.449990318745,0.0020555962665,0.242247426136,1.0
436,8.0,0.352944033751,0.0884727382632,0.220708386007,1.0
437,9.0,0.438845653714,0.007101612502,0.244315697051,1.0
438,9.0,0.46937740878,0.000250015849029,0.234039795389,1.0
439,9.0,0.440124619467,0.0299562929697,0.255992265365,1.0
440,8.0,0.299518461112,0.162756615821,0.219979840258,1.0
441,10.0,0.45393391319,0.000687851674313,0.265349195896,1.0
442,8.0,0.333905016271,0.00155093810771,0.16313065386,1.0
443,8.0,0.376282322064,0.0621489384228,0.219215630243,1.0
444,8.0,0.519776472078,0.0279201551837,0.231756010496,1.0
445,9.0,0.503823134072,0.0209683566087,0.266598100569,1.0
446,8.0,0.416349935148,0.0455569335939,0.18625106838,1.0
447,9.0,0.453576979842,0.0071687667959,0.24961764572,1.0
448,7.0,0.596576330032,0.0270880097352,0.188205629616,1.0
449,10.0,0.789045313143,0.0303222709159,0.302014321991,0.0
450,8.0,0.5502055558,0.00678106178623,0.235996586046,1.0
451,8.0,0.393600571981,0.0381728796842,0.21568122729,1.0
452,10.0,0.470233969674,0.00609320067719,0.265581137096,1.0
453,9.0,0.711020038312,0.110478758599,0.335602507144,1.0
454,9.0,0.452809198639,0.00702805784504,0.245557533196,1.0
455,9.0,0.484472328163,0.0136296257223,0.261231590199,1.0
456,8.0,0.32278037861,0.0840678705307,0.217528508216,1.0
457,10.0,0.502044717333,0.00377598398493,0.252651368502,1.0
458,9.0,0.435578786205,0.00370966536023,0.259107968742,1.0
459,8.0,0.434733011077,0.071285378091,0.253009194584,1.0
460,8.0,0.414169919172,0.0117808381592,0.222764847905,1.0
461,9.0,0.450512895552,0.0132179334508,0.245866735549,1.0
462,8.0,0.396952533055,0.0471625464613,0.221686085446,1.0
463,9.0,0.44694334689,0.00780624551953,0.240255351754,1.0
464,9.0,0.460910339138,0.00137805940256,0.236860794572,1.0
465,8.0,0.322794309604,0.0141479464968,0.219828257802,1.0
466,8.0,0.503602187997,0.0453321404844,0.219427153803,1.0
467,9.0,0.572434462019,0.0616091323206,0.25893437095,1.0
468,8.0,0.340541250524,0.0930110314912,0.214413466349,1.0
469,9.0,0.448510117952,0.0149204083608,0.242685290922,1.0
470,8.0,0.69056498066,0.0118894612683,0.187422357999,1.0
471,10.0,0.628185286954,0.042890864344,0.275857214268,0.0
472,7.0,0.42662026771,0.00410516098133,0.240869904603,1.0
473,9.0,0.443307679784,0.0744897805785,0.276302525027,1.0
474,8.0,0.371735689257,0.00184563937118,0.215033361795,1.0
475,9.0,0.45353534712,0.00287893047866,0.247262528561,1.0
476,9.0,0.476398561151,0.000116227114313,0.241592761065,1.0
477,10.0,0.4688083279,0.000607990694679,0.261678384642,1.0
478,8.0,0.413309634979,0.0114486806184,0.219977947607,1.0
479,10.0,0.474287052834,0.0120571408483,0.245234902627,1.0
480,9.0,0.469289122805,0.00262410985784,0.248798679113,1.0
481,8.0,0.369259170292,0.0549046893589,0.214435351919,1.0
482,7.0,0.641604878479,0.0784828491064,0.269214892716,1.0
483,10.0,0.447115276792,0.0268791557853,0.26293012785,1.0
484,8.0,0.325249556177,0.0216649261373,0.202011147264,1.0
485,9.0,0.497407177233,0.00893378088322,0.252378282662,1.0
486,9.0,0.451775635747,0.0529989848234,0.2457355711,1.0
487,10.0,0.474861629817,0.00440035986603,0.278342644166,1.0
488,9.0,0.447082264725,0.0186450385411,0.246944279642,1.0
489,8.0,0.388056689349,0.0726511154791,0.218100157894,1.0
490,8.0,0.443698668866,0.00682792517528,0.248361672258,1.0
491,9.0,0.452599335705,0.00158789544331,0.239558546999,1.0
492,8.0,0.324574130421,0.109342263013,0.22064272904,1.0
493,8.0,0.325284353914,0.121111617954,0.225544644106,1.0
494,8.0,0.448900862927,0.0102212111436,0.217970255213,1.0
495,9.0,0.461535624484,0.00163067217982,0.245214290857,1.0
496,9.0,0.5029221882,0.0228888284118,0.222016742435,1.0
497,9.0,0.505719453149,0.00186079534259,0.221991724683,0.0
498,8.0,0.298114177293,0.144683235602,0.219974153804,1.0
499,9.0,0.490114496953,0.00602353896764,0.241611810583,1.0
500,9.0,0.450086893167,0.0390228532949,0.248896262555,1.0
501,10.0,0.489927112543,0.000100896194704,0.268391666193,1.0
502,9.0,0.484208465856,0.00976259735827,0.234723428037,1.0
503,11.0,0.451576058239,0.000368437581983,0.281210742735,1.0
504,9.0,0.452153442482,0.00593760075816,0.236514166867,1.0
505,8.0,0.40928274374,0.0227075082889,0.224198697828,1.0
506,8.0,0.282022587378,0.00967120038006,0.145846893879,1.0
507,10.0,0.555626509176,0.142230597879,0.341772077479,1.0
508,9.0,0.402893147845,0.0011507452851,0.221758440635,1.0
509,11.0,0.436112792958,0.000473170910213,0.238996820553,1.0
510,9.0,0.547338129455,0.00646759430325,0.248021705411,1.0
511,9.0,0.447918616934,0.0167047972794,0.249417642796,1.0
512,8.0,0.408523598196,0.0686918879263,0.219948575753,1.0
513,9.0,0.491892976362,0.0176600311919,0.223081727414,1.0
514,8.0,0.35890319343,0.0594611334454,0.219986277983,1.0
515,9.0,0.47457242149,0.00978496587843,0.255566175162,1.0
516,9.0,0.43855099922,0.0107643618661,0.242320611517,1.0
517,9.0,0.445771215571,0.0819201428682,0.239501272875,1.0
518,9.0,0.436982712226,0.0154805062804,0.24929876135,1.0
519,8.0,0.413383792719,0.000414457842997,0.19731630712,1.0
520,8.0,0.348367611555,0.0644652805114,0.219979168559,1.0
521,9.0,0.48006274016,0.000803101644012,0.24305676098,1.0
522,9.0,0.432203076058,0.0387361952859,0.257201609093,1.0
523,10.0,0.455179159839,0.00633119640489,0.26572333506,1.0
524,9.0,0.511647248699,0.0347017600979,0.259911240705,1.0
525,9.0,0.457591961168,0.0128246388013,0.236474690174,1.0
526,9.0,0.440270904614,0.00267773286842,0.280403708746,1.0
527,11.0,0.479967399915,0.0259724676414,0.272560904306,1.0
528,8.0,0.350193088486,0.0903517150326,0.219983083809,1.0
529,9.0,0.514814990609,0.00608704609337,0.254077128191,1.0
530,8.0,0.287630850838,0.153753674914,0.219500031139,1.0
531,9.0,0.441321701299,0.0168705614288,0.248771922034,1.0
532,8.0,0.329827746989,0.0693791880825,0.219972991876,1.0
533,9.0,0.481736862065,8.58854117053e-05,0.243937830575,1.0
534,9.0,0.435140508451,0.0380508389711,0.239849254432,1.0
535,9.0,0.466252380865,0.000816799139088,0.251933884267,1.0
536,8.0,0.390580905569,0.0667913059143,0.221833569005,1.0
537,10.0,0.458153689343,0.00651972231011,0.266559682063,1.0
538,9.0,0.473988480771,0.00435113417627,0.244563880335,1.0
539,8.0,0.333812254098,0.116763520009,0.225287887053,1.0
540,8.0,0.353238251133,0.0253964923624,0.215413357852,1.0
541,9.0,0.45758747161,0.0109380647319,0.252638586071,1.0
542,8.0,0.418519420888,0.00768913663193,0.227221495485,1.0
543,9.0,0.476512000823,0.0624234648004,0.244260337362,1.0
544,8.0,0.333874149483,0.111691805178,0.219909634988,1.0
545,8.0,0.377194306361,0.00829960394872,0.197703344776,1.0
546,8.0,0.338851945856,0.00813595845002,0.173493952153,1.0
547,8.0,0.367171269956,0.0196123868505,0.184110503153,1.0
548,8.0,0.372921395354,0.0523027158595,0.217085294959,1.0
549,9.0,0.451429053598,0.048182121859,0.238054215143,1.0
550,8.0,0.411957337532,0.0553202699685,0.214949119383,1.0
551,9.0,0.444236398253,0.00996098629978,0.245790375523,1.0
552,8.0,0.391294156882,0.00302659413613,0.197160375509,1.0
553,8.0,0.395042599305,0.029469550758,0.217539767509,1.0
554,8.0,0.374713402087,0.00314487871281,0.219937407434,1.0
555,10.0,0.481647985883,0.0334611156995,0.290713603296,1.0
556,10.0,0.463656462024,0.0125102212138,0.264972441311,1.0
557,9.0,0.435726816022,0.000510749639526,0.238998013807,1.0
558,9.0,0.42690481943,0.0719217565884,0.242885426158,1.0
559,9.0,0.481481515945,0.0169879001751,0.246322714078,1.0
560,8.0,0.382696675897,0.0570318967231,0.218351836112,1.0
561,9.0,0.441562726386,0.0200106597166,0.241216156434,1.0
562,9.0,0.464624519226,0.045445427006,0.257244336418,1.0
563,10.0,0.444970049107,0.0500101636689,0.258512498324,1.0
564,9.0,0.5148203052,0.0209260113913,0.227704278162,1.0
565,8.0,0.568143267804,0.0614828089824,0.236240996726,1.0
566,9.0,0.440419949577,0.00286531435717,0.21793493184,1.0
567,8.0,0.321413120229,0.0468705422766,0.21463462614,1.0
568,9.0,0.480076429206,0.00167174395686,0.216781863349,1.0
569,8.0,0.299229958321,0.00211665143479,0.150673304878,1.0
570,9.0,0.484798844659,0.0322078817856,0.247945594993,1.0
571,9.0,0.48106042456,0.0220767681604,0.254934917389,1.0
572,9.0,0.500589199359,8.45647274371e-05,0.274099765845,1.0
573,9.0,0.434754252619,0.0160535770334,0.259175200617,1.0
574,10.0,0.497515232773,0.0681272496628,0.277279329571,1.0
575,9.0,0.444267354961,0.00543126521817,0.243496792886,1.0
576,8.0,0.330853827172,0.119204768067,0.220746905963,1.0
577,8.0,0.376394293783,0.000260044054935,0.199188841806,1.0
578,10.0,0.503113004565,0.00957743506791,0.252048924469,1.0
579,8.0,0.38037760915,0.0459577572749,0.213167683212,1.0
580,8.0,0.383300986311,0.00304668844794,0.173603483474,1.0
581,8.0,0.411241654637,0.0164983138518,0.230760544025,1.0
582,9.0,0.461212955484,0.000856049053554,0.247296690341,1.0
583,8.0,0.363654654092,0.0881265192013,0.225890586646,1.0
584,9.0,0.446867155685,7.91193199416e-05,0.244568462475,1.0
585,8.0,0.328857954671,0.0987620528589,0.213810003765,1.0
586,9.0,0.486157819664,0.00408728176016,0.241626663578,1.0
587,8.0,0.312107560761,0.118568473047,0.215728691276,1.0
588,9.0,0.44427139475,0.0107197711493,0.243259907235,1.0
589,8.0,0.446074372367,0.00423042046715,0.21810367858,1.0
590,8.0,0.387763772139,0.00206970525154,0.204789238612,1.0
591,8.0,0.335331652038,0.0816221368261,0.217555615678,1.0
592,10.0,0.459012520322,0.00335436255158,0.270336750747,1.0
593,8.0,0.380995729829,0.0338713246659,0.215039693358,1.0
594,9.0,0.444087952361,0.0472181650538,0.244885393136,1.0
595,9.0,0.463790229136,0.00377374725104,0.237893850468,1.0
596,11.0,0.577502836633,0.0194117909897,0.284235611378,0.0
597,8.0,0.45339924894,0.000380520399299,0.239109220122,1.0
598,8.0,0.306982407295,0.00492618103062,0.15225965839,1.0
599,8.0,0.356446610109,0.0826659950394,0.219556302574,1.0
600,10.0,0.450947750668,0.000765534079813,0.266697016028,1.0
601,8.0,0.340359649671,0.0853191898003,0.219905413997,1.0
602,9.0,0.467768032784,0.00201313982568,0.249943603988,1.0
603,8.0,0.335600646541,0.0541099908486,0.219877526448,1.0
604,8.0,0.35987805244,0.0596967170932,0.219979684171,1.0
605,8.0,0.360483434586,0.00350081152033,0.203794367715,1.0
606,9.0,0.46031473233,0.00426005830819,0.226101381973,1.0
607,8.0,0.411664252831,0.035105141309,0.225868453342,1.0
608,9.0,0.461020168122,0.00580057686984,0.234737521433,1.0
609,8.0,0.355006006026,0.0843127427078,0.219659374367,1.0
610,8.0,0.303716293978,0.157937035513,0.219908840694,1.0
611,8.0,0.391773189449,0.018225211892,0.210907214273,1.0
612,10.0,0.475947507625,0.035037658198,0.26902216234,1.0
613,8.0,0.326167689766,0.0403123299774,0.219739326434,1.0
614,9.0,0.465144808275,0.000672854686473,0.235764454797,1.0
615,9.0,0.452019204192,0.0111733989884,0.255151293424,1.0
616,9.0,0.459378550219,0.000633719844352,0.247617680893,1.0
617,8.0,0.418925230774,0.0363975659641,0.22301804229,1.0
618,9.0,0.477684860991,0.0294261072939,0.273213324527,1.0
619,9.0,0.445062394217,0.0130224888816,0.2413229166,1.0
620,10.0,0.502898499461,0.0474321522077,0.261143899302,1.0
621,8.0,0.413903395288,0.0398675174966,0.226885456392,1.0
622,8.0,0.405233474988,0.0995163840421,0.224783747698,1.0
623,8.0,0.266137742448,0.175254792801,0.220696267625,1.0
624,9.0,0.451244645966,0.00080430998846,0.245870483576,1.0
625,9.0,0.46853807309,0.058771932634,0.244079810132,1.0
626,8.0,0.355076694201,0.0845839774731,0.219973912176,1.0
627,8.0,0.321484617589,0.123138471261,0.215900124952,1.0
628,10.0,0.48310571888,0.0674434798591,0.281807977443,1.0
629,8.0,0.328558460614,0.0321198752253,0.180339167919,1.0
630,9.0,0.465251704654,0.00150093231549,0.245007310076,1.0
631,8.0,0.344266149716,0.0909148318098,0.219489998266,1.0
632,8.0,0.419192267195,0.000254521503362,0.212590971359,1.0
633,8.0,0.34307899292,0.0896593165571,0.213708422757,1.0
634,8.0,0.284589517972,0.13523038641,0.219980167965,1.0
635,8.0,0.370048320325,0.04656493471,0.219938673078,1.0
636,9.0,0.451123291385,0.00665172200216,0.241736994707,1.0
637,9.0,0.45471668546,0.000244667970372,0.243508050132,1.0
638,9.0,0.540852900809,0.0185261409669,0.232251636446,1.0
639,9.0,0.460999103101,0.0291266269412,0.239696318693,1.0
640,11.0,0.503799708317,0.0161943897511,0.281112554683,1.0
641,9.0,0.495018893965,0.0785733053732,0.252109253936,1.0
642,10.0,0.521471339922,0.0143099529226,0.265029827705,1.0
643,8.0,0.366702845271,0.0756160839266,0.221159464599,1.0
644,9.0,0.470769408267,0.0164608278625,0.24714621796,1.0
645,8.0,0.378709119834,0.0510127216634,0.219994845646,1.0
646,10.0,0.470031442219,0.00961280508744,0.249036613956,1.0
647,8.0,0.376156233418,0.0691497142575,0.224599498377,1.0
648,8.0,0.371265376234,0.0691552322711,0.222952687679,1.0
649,8.0,0.376092241378,0.0677001117752,0.219598602123,1.0
650,9.0,0.465363070874,0.0033089904706,0.251122472048,1.0
651,8.0,0.356229692526,0.0137009263312,0.184965309429,1.0
652,9.0,0.443842943153,0.00779067393451,0.215144513178,1.0
653,8.0,0.381797542205,0.0271370774157,0.209371143019,1.0
654,9.0,0.451644267143,0.0328251407154,0.244599430519,1.0
655,8.0,0.336092135008,0.0468285439937,0.215577507429,1.0
656,8.0,0.406286581746,0.0368915602922,0.21862338068,1.0
657,8.0,0.367734710187,0.0951045522487,0.231419631218,1.0
658,9.0,0.45233658091,0.00711266777645,0.247390290073,1.0
659,9.0,0.441944350216,0.00340007147187,0.244564296696,1.0
660,8.0,0.305840489763,0.140245151716,0.22064319827,1.0
661,8.0,0.42123357241,0.0624319158579,0.219968883525,1.0
662,10.0,0.467456748192,0.00107468718421,0.263979482103,1.0
663,8.0,0.337226736571,0.119687755596,0.216879829942,1.0
664,9.0,0.464863382452,0.0163001028666,0.238770617596,1.0
665,8.0,0.30411223961,0.108137889552,0.21991094417,1.0
666,9.0,0.4606978729,0.0257466571453,0.252450257249,1.0
667,8.0,0.490646837579,0.0101820663914,0.238400304959,1.0
668,9.0,0.45229079723,0.000313845931514,0.245808012104,1.0
669,9.0,0.473566896849,0.0244633282031,0.221208044862,1.0
670,9.0,0.447353674679,0.00705937908537,0.248603777327,1.0
671,9.0,0.453415652257,0.00186659365122,0.24593314177,1.0
672,9.0,0.449533291962,0.000419275209469,0.24145062062,1.0
673,8.0,0.389059280296,0.037130634145,0.224177883537,1.0
674,9.0,0.485585704917,0.000636268930776,0.243956752172,1.0
675,8.0,0.452629605493,0.0141797839044,0.228115532673,1.0
676,9.0,0.468716914866,0.0016763350282,0.238709203016,1.0
677,8.0,0.299409710856,0.146203325955,0.224060515046,1.0
678,9.0,0.455122452164,0.0344506823666,0.247687720345,1.0
679,8.0,0.446011481638,0.0306085138678,0.219972233439,1.0
680,9.0,0.446274718916,7.76301568685e-06,0.240298828557,1.0
681,8.0,0.37006750324,0.0565266292622,0.215289401213,1.0
682,8.0,0.27322873482,0.0621854914676,0.208406183935,1.0
683,8.0,0.364148296941,0.00512114442561,0.219740569389,1.0
684,10.0,0.487507398609,0.0233277412386,0.292024316919,1.0
685,8.0,0.480332124121,0.0213590126725,0.282392675511,1.0
686,10.0,0.460540423939,0.00115005186072,0.263962958559,1.0
687,9.0,0.618341396989,0.0174360353219,0.201999148982,1.0
688,10.0,0.457527093626,0.00155890267535,0.26765489584,1.0
689,10.0,0.573280629522,0.0559835924087,0.24659329528,1.0
690,9.0,0.449104575166,0.00024374707704,0.241515645485,1.0
691,8.0,0.428207563996,0.0421562412735,0.219954652024,1.0
692,10.0,0.473307436308,0.00118738200815,0.264429447503,1.0
693,8.0,0.382171625625,0.0551802630173,0.218675944321,1.0
694,12.0,0.494962889677,0.00888678990956,0.305355961142,0.0
695,9.0,0.469832182409,0.000871358407833,0.24502159283,1.0
696,10.0,0.530752637047,0.0201729117606,0.271920239756,0.0
697,8.0,0.413429984199,0.00893024046083,0.221859618071,1.0
698,9.0,0.431545207197,0.0379129403397,0.220870906993,1.0
699,8.0,0.375911680412,0.0405328177325,0.208222249072,1.0
700,9.0,0.628206461088,0.0727266656363,0.233593736843,1.0
701,8.0,0.366674337007,0.083654923829,0.219975212372,1.0
702,8.0,0.376668683961,0.106506388884,0.223196188369,1.0
703,8.0,0.45056643493,0.0325121722301,0.219969715558,1.0
704,9.0,0.447082801879,0.000221866819798,0.239940362452,1.0
705,8.0,0.394957187915,0.0315452477239,0.222462412639,1.0
706,9.0,0.490674861095,0.000973596379753,0.255116649399,1.0
707,9.0,0.465543569275,0.0164329307505,0.248765026875,1.0
708,10.0,0.458487904364,0.00357057258035,0.263244620252,1.0
709,8.0,0.426534144431,0.0203098358838,0.219975594591,1.0
710,10.0,0.45443507182,0.0160062885192,0.265904535627,1.0
711,9.0,0.479775997751,0.0513388314748,0.219077711112,1.0
712,8.0,0.446331438925,0.00790059919774,0.227116019061,1.0
713,8.0,0.314766619876,0.129326027833,0.22061008504,1.0
714,9.0,0.449958585511,8.21424828673e-05,0.246478395263,1.0
715,8.0,0.375570815921,0.0451572239674,0.216197543661,1.0
716,10.0,0.455188726758,0.00432582741885,0.265747889154,1.0
717,8.0,0.388026622181,0.0684378941103,0.225784182145,1.0
718,10.0,0.488605994085,0.0122756225285,0.249607107395,1.0
719,9.0,0.464979541874,0.0188160678227,0.247798987605,1.0
720,10.0,0.472191547085,0.00833770081984,0.267272818022,1.0
721,8.0,0.387914821944,0.0183642827093,0.200379594819,1.0
722,8.0,0.408297447611,0.0788874409311,0.224962054046,1.0
723,8.0,0.403800418778,0.0763450469615,0.219987033106,1.0
724,8.0,0.38590603543,0.000135451257198,0.173339284174,1.0
725,8.0,0.395226782186,0.000879222447541,0.211328879264,1.0
726,9.0,0.457705223324,0.000426287744267,0.246501661292,1.0
727,8.0,0.375145180599,0.00157182503297,0.187179634041,1.0
728,8.0,0.385974449942,0.0790320573325,0.219826267709,1.0
729,8.0,0.390104084217,0.0772440031818,0.222882972998,1.0
730,9.0,0.454600508473,0.0185648413097,0.247506345595,1.0
731,8.0,0.355753720167,0.0637044800592,0.219822554411,1.0
732,9.0,0.497074423361,0.0057947812366,0.247948848391,1.0
733,9.0,0.464694437009,0.00653372270374,0.247173886569,1.0
734,8.0,0.355829876233,0.0590597025619,0.219994937653,1.0
735,8.0,0.371844905237,0.0442272940512,0.217461840507,1.0
736,10.0,0.447719656808,0.00265337483288,0.266022058852,1.0
737,8.0,0.42925836215,0.0170636524598,0.220668161623,1.0
738,11.0,0.472742291465,8.53332290409e-05,0.284305598849,1.0
739,9.0,0.436857754226,0.0188943159489,0.247261035792,1.0
740,9.0,0.453602207995,0.0158769004597,0.249446013266,1.0
741,9.0,0.578651145631,0.0483691310633,0.252904461864,0.0
742,10.0,0.466814943142,0.00816373284668,0.267380165576,1.0
743,8.0,0.29330428521,0.100773039555,0.215115815372,1.0
744,9.0,0.461628613778,0.0103337886535,0.244421952897,1.0
745,9.0,0.484082469411,0.0108610608356,0.24066216424,1.0
746,12.0,0.572860718537,0.0133545899227,0.317103574932,1.0
747,9.0,0.458537579134,0.000155986167748,0.246533778333,1.0
748,9.0,0.470131138558,0.00106215109841,0.239607542611,1.0
749,8.0,0.538803575738,0.0211308177617,0.226443755824,1.0
750,9.0,0.443834857232,0.0158941814806,0.248635047247,1.0
751,8.0,0.389746888251,0.00200488870178,0.178267575275,1.0
752,9.0,0.462877245791,0.00669113989883,0.251243223977,1.0
753,8.0,0.376227474523,0.0327004285068,0.209368841779,1.0
754,9.0,0.487790228124,0.0106967641839,0.251981091165,1.0
755,8.0,0.405301268678,0.00422643815271,0.187375383606,1.0
756,9.0,0.485295889354,0.00295156560845,0.188096724354,1.0
757,9.0,0.464051149146,0.0154968112875,0.246515136484,1.0
758,8.0,0.436179648727,0.0047778917584,0.237175784112,1.0
759,8.0,0.391947768915,0.0573377083566,0.220689546845,1.0
760,8.0,0.387534685746,0.0367119040839,0.217497444559,1.0
761,8.0,0.385841510587,0.0432300216663,0.218265677831,1.0
762,10.0,0.466705583182,0.00593304778779,0.263668400241,1.0
763,9.0,0.4500688898,0.0289783549843,0.247092484547,1.0
764,9.0,0.448036752453,0.0123741158113,0.246912460542,1.0
765,9.0,0.463929404391,0.0107274324298,0.251009721874,1.0
766,8.0,0.301108855375,0.122292365437,0.219979371865,1.0
767,8.0,0.311823827326,0.135734749702,0.207774603988,1.0
768,9.0,0.466662034544,0.00525480651408,0.247386892974,1.0
769,8.0,0.372719797144,0.0600403020053,0.213727295834,1.0
770,8.0,0.541711473333,0.000592475550185,0.204186733887,1.0
771,8.0,0.339059159056,0.00920426898086,0.174131714018,1.0
772,11.0,0.586836142232,0.0645929291372,0.304962271331,1.0
773,8.0,0.394323180609,0.0130391368969,0.232839294262,1.0
774,9.0,0.454323512653,0.00373367180623,0.244303519715,1.0
775,8.0,0.303855405228,0.129077188282,0.224226787456,1.0
776,10.0,0.467404266633,0.0114546389328,0.267013899931,1.0
777,9.0,0.449847636226,0.0190339326161,0.249618984888,1.0
778,10.0,0.449704554549,0.00516368072259,0.26210069753,1.0
779,9.0,0.45911863584,0.03569235024,0.2643303828,1.0
780,9.0,0.493738212029,0.0128864268026,0.223539067126,1.0
781,8.0,0.341410872037,0.0884622262855,0.22391791669,1.0
782,9.0,0.463285502863,0.0618923554519,0.24695415942,1.0
783,8.0,0.321616356734,0.146103198307,0.217052948147,1.0
784,9.0,0.482343199742,0.0301770474456,0.247016694688,1.0
785,8.0,0.358009206295,0.089732627854,0.220818078475,1.0
786,9.0,0.562150025641,0.0181519934551,0.248482790347,1.0
787,9.0,0.462531951654,0.000154093905271,0.250864507136,1.0
788,8.0,0.308795172166,0.106934741226,0.224410342624,1.0
789,8.0,0.233783260845,0.00118785158285,0.095702475185,1.0
790,11.0,0.886077981105,0.0679182831379,0.367602865493,0.0
791,9.0,0.494818971049,0.0254698866329,0.25614925011,1.0
792,8.0,0.382417790829,0.00657404985064,0.202532317554,1.0
793,9.0,0.443675373015,0.0188991158581,0.248939996663,1.0
794,8.0,0.398652208981,0.0109967120541,0.204067922296,1.0
795,10.0,0.477058599554,0.0224714155861,0.274244023291,1.0
796,8.0,0.363821613196,0.0898166147317,0.226188880942,1.0
797,8.0,0.369311276409,0.0391279965525,0.219983824223,1.0
798,8.0,0.42412298071,0.01025002145,0.211157274923,1.0
799,9.0,0.439188218989,0.030987901653,0.256132823314,1.0
800,9.0,0.471859847404,0.0138360562776,0.228081745375,1.0
801,8.0,0.378981090128,0.0253873788368,0.219911190576,1.0
802,8.0,0.371084336063,0.0667828767565,0.220390707184,1.0
803,9.0,0.475611946884,0.0158543745583,0.220122176053,1.0
804,8.0,0.368943697737,0.0491560092454,0.21696372921,1.0
805,10.0,0.468716897846,0.0110399608201,0.264028986698,1.0
806,8.0,0.356457626358,0.00669184764537,0.219904353442,1.0
807,9.0,0.424720252948,0.00409015183205,0.208071091856,1.0
808,9.0,0.465847878262,0.0218263032093,0.247867430965,1.0
809,8.0,0.371319387328,0.056678711546,0.226286595073,1.0
810,8.0,0.319574360475,0.0158645498584,0.180237447728,1.0
811,11.0,0.577491646141,0.0043008106674,0.232811264499,1.0
812,9.0,0.481311649441,0.0021737155544,0.245396074221,1.0
813,9.0,0.456530709653,0.0281934738831,0.248571274005,1.0
814,9.0,0.486436186514,0.00352706330953,0.247938593004,1.0
815,8.0,0.288613241921,0.0868535832513,0.215175184024,1.0
816,8.0,0.330766556613,0.115493227613,0.219978611464,1.0
817,11.0,0.444839654719,0.000265307284509,0.280506855771,1.0
818,10.0,0.566609002075,0.000934348520704,0.257432179007,1.0
819,8.0,0.51131686968,0.00999598666851,0.21081383872,1.0
820,8.0,0.307711779097,0.152361916287,0.219980221457,1.0
821,8.0,0.356380163479,0.0814260258507,0.220401877194,1.0
822,8.0,0.348073034175,0.0714171890953,0.219983122044,1.0
823,9.0,0.448460926262,0.00949653553196,0.24749021881,1.0
824,8.0,0.339876886694,0.110510389362,0.225193638028,1.0
825,9.0,0.45366937597,0.00397631188322,0.247622156139,1.0
826,8.0,0.359598328657,0.00894775968603,0.219884153161,1.0
827,8.0,0.3596032774,0.0193662873067,0.207933387182,1.0
828,8.0,0.399179514774,0.0200850025871,0.215908484807,1.0
829,9.0,0.464020937863,0.0047712610015,0.251124288599,1.0
830,8.0,0.416071916031,0.0250633259943,0.220567621013,1.0
831,9.0,0.450715317551,0.00308411710701,0.240181798917,1.0
832,8.0,0.340205201131,0.145805953568,0.215091570933,1.0
833,8.0,0.332740299612,0.106334980036,0.219537639824,1.0
834,8.0,0.398661686194,0.051483686491,0.223072216578,1.0
835,9.0,0.461543131726,0.000103565685525,0.241300002065,1.0
836,9.0,0.442594649174,0.00299353485736,0.248005855908,1.0
837,9.0,0.475850325001,0.0528164909247,0.220267885814,1.0
838,8.0,0.309624974874,0.135302212583,0.220520833251,1.0
839,8.0,0.378015876817,0.122383305126,0.231981897053,1.0
840,8.0,0.394641433916,0.0630242993425,0.226206133332,1.0
841,10.0,0.491189453833,0.00509339491538,0.270892866358,1.0
842,8.0,0.355538186394,0.0602339046099,0.224402745786,1.0
843,9.0,0.542453302949,0.00474592208283,0.253331177854,1.0
844,9.0,0.478768969942,0.0190557238737,0.246458303175,1.0
845,10.0,0.454155744686,0.0410870728897,0.268787821835,1.0
846,8.0,0.404841730649,0.038834921683,0.220956122906,1.0
847,10.0,0.458306101966,0.0124978366016,0.26592750286,1.0
848,8.0,0.360779547526,0.0798562203659,0.220317883946,1.0
849,9.0,0.499529151581,0.00203124846156,0.251016605889,1.0
850,9.0,0.474348206807,0.058058098626,0.251008680601,1.0
851,9.0,0.487737693998,0.0254432579689,0.232779647804,1.0
852,8.0,0.360922599062,0.00615079715547,0.169187406442,1.0
853,9.0,0.455157459282,0.0474457848292,0.229527641177,1.0
854,8.0,0.335723960938,0.090509034543,0.217628004213,1.0
855,10.0,0.539697735323,0.0145879966823,0.295140222796,1.0
856,8.0,0.264435386514,0.175685129374,0.220576537285,1.0
857,10.0,0.459590774416,0.00747527267535,0.266772983996,1.0
858,8.0,0.371712485541,0.0574916547515,0.219977483535,1.0
859,9.0,0.447646394827,0.0199151976367,0.252302225068,1.0
860,9.0,0.461791960581,0.0175511048042,0.247556380418,1.0
861,10.0,0.461049456378,0.0590647797252,0.292977150924,1.0
862,9.0,0.461609856097,0.00399636134974,0.238598174371,1.0
863,8.0,0.322238523378,0.129121029729,0.225679776553,1.0
864,8.0,0.379338220024,0.0264994576475,0.208309922729,1.0
865,9.0,0.461678023101,0.00350452199491,0.241309506491,1.0
866,8.0,0.369982923291,0.0834958031571,0.219909649673,1.0
867,9.0,0.454739951679,0.00302630318624,0.24339032944,1.0
868,9.0,0.474330944303,0.00275771071963,0.239237526965,1.0
869,9.0,0.457775188933,0.00107552270027,0.246407306138,1.0
870,8.0,0.326064740414,0.100448455521,0.219906503113,1.0
871,7.0,0.464901452097,0.0364510781923,0.228518663561,1.0
872,10.0,0.468080286502,0.00235970471557,0.265904730721,1.0
873,8.0,0.320526556839,0.138190121781,0.219911585182,1.0
874,9.0,0.427687928176,0.0109659329625,0.225346880945,1.0
875,8.0,0.41065465301,0.0473088685939,0.218093643016,1.0
876,8.0,0.39161386947,0.0496806372918,0.225402689036,1.0
877,8.0,0.404122587996,0.0659944126111,0.223877310615,1.0
878,8.0,0.392364461337,0.00562389303822,0.21991439736,1.0
879,8.0,0.380916560408,0.0682691674465,0.208110957383,1.0
880,8.0,0.355467139224,0.0743677809944,0.214917460109,1.0
881,8.0,0.375857834252,0.105965148576,0.219971457704,1.0
882,9.0,0.457280113162,0.000544923775825,0.244786149882,1.0
883,8.0,0.349817647511,0.0574613362198,0.203639491865,1.0
884,10.0,0.504373528434,0.0055626387547,0.251915605601,1.0
885,8.0,0.275030966948,0.066836279523,0.185497988443,1.0
886,10.0,0.530408537782,0.0100211236529,0.256311142856,1.0
887,9.0,0.446761429735,0.00745308983195,0.244962435235,1.0
888,9.0,0.421150378727,0.110869442487,0.283036162543,1.0
889,9.0,0.452871198142,0.00988464251128,0.245264668073,1.0
890,10.0,0.46388819318,0.00205608228193,0.2605543259,1.0
891,9.0,0.441134663313,0.0345331576511,0.241318371741,1.0
892,8.0,0.422401406373,0.0318351986224,0.227118302498,1.0
893,8.0,0.33722322848,0.109889344034,0.226166045747,1.0
894,9.0,0.449229801387,0.014400971861,0.247880810959,1.0
895,8.0,0.393408292269,0.0198850932836,0.224848800986,1.0
896,9.0,0.448805718998,0.000194593593168,0.24623160452,1.0
897,9.0,0.445224332763,0.059621365777,0.255311744277,1.0
898,9.0,0.410606870481,0.0235905881007,0.239587719931,1.0
899,8.0,0.358429376712,0.0856233183362,0.220301101453,1.0
900,9.0,0.454112454301,0.000106298276275,0.242312659355,1.0
901,8.0,0.302102917839,0.132898579551,0.219986776827,1.0
902,10.0,0.466281253363,0.0102637829696,0.266282126157,1.0
903,8.0,0.353304184966,0.0101002236302,0.207984955564,1.0
904,10.0,0.463118104429,2.17471919903e-05,0.262532759563,1.0
905,8.0,0.303309370338,0.0915920589841,0.22489603937,1.0
906,9.0,0.474421985093,0.000205503460486,0.221769722991,1.0
907,8.0,0.381993921336,0.061478209682,0.220257981314,1.0
908,9.0,0.452051026844,0.00822209001993,0.245110737931,1.0
909,8.0,0.364433500744,0.0792295685891,0.22289172253,1.0
910,8.0,0.369133601142,0.0661470154768,0.217640308309,1.0
911,8.0,0.283710201848,0.161786255019,0.219418048179,1.0
912,9.0,0.443678515922,0.0179258712994,0.246172435601,1.0
913,8.0,0.27526423793,0.0950734256515,0.185168831791,1.0
914,11.0,0.443612805657,0.00131235505439,0.280636643978,1.0
915,8.0,0.344846315202,0.0035993357192,0.174222825461,1.0
916,9.0,0.488497894128,0.00360494149076,0.245576970906,1.0
917,8.0,0.368073600737,0.0408511787542,0.219984317591,1.0
918,10.0,0.5199913572,0.022653769865,0.251226823884,1.0
919,8.0,0.422431629845,0.044933097929,0.214932826638,1.0
920,8.0,0.727675304973,0.0345531190934,0.336230981956,0.0
921,7.0,0.622742775152,0.0637808039242,0.305517342517,0.0
922,11.0,0.802288621301,0.0609219936697,0.346283028718,0.0
923,9.0,0.440968560264,0.052956239117,0.222711052039,1.0
924,8.0,0.396495680624,0.0695600982628,0.22193193006,1.0
925,8.0,0.43128688706,0.045227460024,0.218843852082,1.0
926,8.0,0.335122042936,0.0751063510316,0.219970947447,1.0
927,9.0,0.456296903747,0.00467456507196,0.241906658785,1.0
928,9.0,0.498796072202,0.0229747763665,0.251296751194,1.0
929,9.0,0.453100156151,0.000140782991274,0.240135433434,1.0
930,9.0,0.628885435005,0.0275796933715,0.254381513721,1.0
931,8.0,0.403167745106,0.111642374186,0.219954918262,1.0
932,8.0,0.323621053282,0.0449409145889,0.214655582648,1.0
933,8.0,0.370837885743,0.055736106881,0.217722294102,1.0
934,8.0,0.362129085313,0.0909328711378,0.217593878965,1.0
935,10.0,0.451790710872,0.000509903446603,0.262861356023,1.0
936,9.0,0.595019446858,0.00335158525387,0.225395679265,1.0
937,9.0,0.572987244969,0.00402785381902,0.258415973543,1.0
938,9.0,0.469984094945,0.00419723078243,0.249475600455,1.0
939,9.0,0.47130531255,0.010426855816,0.242892625721,1.0
940,8.0,0.434168239657,0.01995905729,0.227063648474,1.0
941,9.0,0.453167374981,0.0475256972001,0.22987615067,1.0
942,8.0,0.405546053107,0.0267290190852,0.218476709955,1.0
943,9.0,0.493969281454,0.0359158266058,0.218238218911,1.0
944,9.0,0.438837936823,0.0229270066678,0.244277467906,1.0
945,11.0,0.527181712714,0.0182762775742,0.28715601788,1.0
946,8.0,0.354657670566,0.00979928040677,0.188224579201,1.0
947,8.0,0.382923099381,0.0274677363265,0.211026226248,1.0
948,8.0,0.373848485763,0.0980994230495,0.219981069564,1.0
949,10.0,0.456186586562,0.00664628417827,0.265668208376,1.0
950,10.0,0.46062574047,0.0161962099339,0.267232401032,1.0
951,8.0,0.438511672165,0.0120137335115,0.218062924903,1.0
952,8.0,0.410336978366,0.0225086189383,0.212312545268,1.0
953,9.0,0.45501954943,0.00352024458466,0.246890582091,1.0
954,8.0,0.234030273948,0.157522068539,0.180079624153,1.0
955,10.0,0.526624744111,0.0232554973384,0.316451476635,0.0
956,7.0,0.516939385943,0.0141594555998,0.263656779051,0.0
957,11.0,0.493490678717,0.0015419412745,0.27647006114,1.0
958,10.0,0.450509733925,0.0513363222537,0.270822949938,1.0
959,9.0,0.457769572217,0.0473939688426,0.256889143758,1.0
960,8.0,0.401391403634,0.115385981866,0.236313859672,1.0
961,10.0,0.478430001143,0.00522084969337,0.268489424381,1.0
962,8.0,0.396012788346,0.0773081563619,0.219978226108,1.0
963,8.0,0.461684753223,0.0101475448178,0.20318584004,1.0
964,8.0,0.362861329991,0.0621192319933,0.217037216231,1.0
965,10.0,0.486571610888,0.0226850591016,0.277174799579,1.0
966,8.0,0.378503168353,0.0464018999047,0.219977932366,1.0
967,10.0,0.449164658771,0.0464886799711,0.271808787658,1.0
968,9.0,0.440401924303,0.012276443271,0.241286273958,1.0
969,9.0,0.448202522871,0.0203232971358,0.243862729974,1.0
970,9.0,0.444097431268,0.0210418244275,0.247201062594,1.0
971,9.0,0.544325682712,0.00484899173056,0.27182050271,1.0
972,8.0,0.453856403616,0.00484907827962,0.218014629103,1.0
973,11.0,0.594738919074,0.0331814819521,0.297770489638,1.0
974,9.0,0.450832958321,0.0170236262194,0.239291854527,1.0
975,10.0,0.462361121813,0.00629579366297,0.269936560247,1.0
976,8.0,0.432930969987,0.0149518279256,0.22296935343,1.0
977,9.0,0.464840119286,0.0416358075702,0.226783589961,1.0
978,8.0,0.360696419061,0.125598542833,0.219982752718,1.0
979,9.0,0.445873160321,0.00271778449778,0.24464255262,1.0
980,8.0,0.499171376957,0.0225117190744,0.239502026555,1.0
981,9.0,0.470597163165,0.000908671123535,0.247805598317,1.0
982,9.0,0.467595655344,0.000526717638445,0.247603867641,1.0
983,9.0,0.502564332939,0.0541687426481,0.260336588439,1.0
984,8.0,0.377172683224,0.05231998881,0.214746336017,1.0
985,8.0,0.393855948069,0.0336345701746,0.221827264212,1.0
986,10.0,0.491994607411,0.01175852279,0.269698729875,1.0
987,8.0,0.379569066079,0.0172735521447,0.215411445556,1.0
988,10.0,0.520744613713,0.0586058715607,0.256188785008,1.0
989,8.0,0.345058570151,0.00355677373141,0.174307671941,1.0
990,8.0,0.291213184049,0.117128678128,0.219979619347,1.0
991,8.0,0.354105782129,0.0789800633138,0.224969899773,1.0
992,10.0,0.847124058194,0.000736704400106,0.29948427095,0.0
993,7.0,0.43976292207,0.000134245179262,0.196893247898,1.0
